Date,Price,Open,High,Low,Vol.,Change %
Dec-78,6.06,6.02,6.08,5.8,-,1.00%
Jan-79,6.7,6.073,6.765,5.923,-,10.56%
Feb-79,7.712,6.66,7.96,6.625,-,15.10%
Mar-79,7.451,7.615,7.82,7.07,-,-3.38%
Apr-79,7.985,7.485,7.985,7.282,-,7.17%
May-79,8.7,8.025,8.91,7.905,-,8.95%
Jun-79,8.653,8.655,8.815,8.305,-,-0.54%
Jul-79,8.97,8.702,9.645,8.535,-,3.66%
Aug-79,10.615,9.035,10.7,8.7,-,18.34%
Sep-79,17.529,10.915,17.85,10.89,-,65.13%
Oct-79,16.35,17.13,18.5,15.1,-,-6.73%
Nov-79,18.82,16.37,19.4,15.7,1.64K,15.11%
Dec-79,34.45,19.61,35,18.65,-,83.05%
Jan-80,34.6,39.5,50.35,30.25,33.11K,0.44%
Feb-80,35.3,34.4,39.8,27.8,9.42K,2.02%
Mar-80,14.2,34.85,37.25,10.8,62.62K,-59.77%
Apr-80,12.5,15.675,17.5,12.5,20.87K,-11.97%
May-80,13.95,11.45,13.95,10.8,8.46K,11.60%
Jun-80,16.605,14.85,17.9,14.25,12.37K,19.03%
Jul-80,15.405,16.975,17.49,15.05,5.00K,-7.23%
Aug-80,16.3,15.82,16.45,15.47,3.15K,5.81%
Sep-80,20.72,16.38,25,16.23,23.46K,27.12%
Oct-80,18.9,21.675,21.99,18.3,12.72K,-8.78%
Nov-80,18.59,19.44,20.1,17.32,15.22K,-1.64%
Dec-80,15.69,19.01,19.02,13.37,19.64K,-15.60%
Jan-81,13.25,15.15,16.53,12.65,6.13K,-15.55%
Feb-81,12.175,12.93,14.12,12.12,7.37K,-8.11%
Mar-81,11.895,11.59,13.5,11.28,8.94K,-2.30%
Apr-81,11.09,12.085,12.35,10.8,7.47K,-6.77%
May-81,10.73,11.165,11.5,10.25,3.23K,-3.25%
Jun-81,8.555,10.755,10.87,8.4,9.28K,-20.27%
Jul-81,8.52,8.585,9.16,8.19,4.13K,-0.41%
Aug-81,9.295,8.265,9.64,8.25,5.30K,9.10%
Sep-81,9.14,9.09,11.35,8.25,15.08K,-1.67%
Oct-81,9.15,9.35,9.71,8.94,1.54K,0.11%
Nov-81,8.205,9.225,9.26,7.97,9.56K,-10.33%
Dec-81,8.125,8.03,9.05,7.97,38.53K,-0.98%
Jan-82,7.937,7.99,8.4,7.75,1.65K,-2.31%
Feb-82,7.743,8.085,8.755,7.73,10.91K,-2.44%
Mar-82,7.23,7.76,7.93,6.85,23.01K,-6.63%
Apr-82,6.86,7.225,7.72,6.5,106.95K,-5.12%
May-82,6.295,6.925,6.95,6.28,15.58K,-8.24%
Jun-82,6.021,6.16,6.3,4.78,126.29K,-4.35%
Jul-82,6.682,5.845,7.36,5.5,4.88K,10.98%
Aug-82,7.87,6.97,8.28,6.21,8.05K,17.78%
Sep-82,8.24,7.74,9.765,7.53,48.78K,4.70%
Oct-82,10.09,8.415,10.7,8.02,250.55K,22.45%
Nov-82,10.09,10.365,11.01,8.95,235.85K,0.00%
Dec-82,10.93,10.11,11.3,10.02,12.52K,8.33%
Jan-83,14.25,11.05,14.26,10.9,3.79K,30.38%
Feb-83,10.3,14.38,14.74,10.2,68.68K,-27.72%
Mar-83,10.682,10.82,11.45,10.02,39.69K,3.71%
Apr-83,12.058,10.77,12.61,10.77,22.80K,12.88%
May-83,12.9,12.02,13.71,11.97,8.95K,6.98%
Jun-83,11.582,11.975,12.7,10.9,65.54K,-10.22%
Jul-83,11.815,11.66,12.65,11.23,14.83K,2.01%
Aug-83,12.1,11.8,12.83,11.49,12.89K,2.41%
Sep-83,10.9,12.23,12.45,10.72,14.10K,-9.92%
Oct-83,8.4,10.25,10.62,8.38,7.57K,-22.94%
Nov-83,9.62,8.43,9.86,8.4,41.37K,14.52%
Dec-83,9.02,9.46,10.04,8.44,8.66K,-6.24%
Jan-84,8.605,8.81,8.81,7.79,0.74K,-4.60%
Feb-84,9.66,8.763,9.91,8.6,37.64K,12.26%
Mar-84,9.82,9.61,10.17,9.25,10.60K,1.66%
Apr-84,8.955,9.75,9.75,8.86,37.28K,-8.81%
May-84,9.261,8.97,9.37,8.56,7.09K,3.42%
Jun-84,8.38,9.42,9.54,8.27,28.61K,-9.51%
Jul-84,7.018,8.29,8.32,6.85,8.51K,-16.25%
Aug-84,7.452,7.075,8.015,7.075,18.35K,6.18%
Sep-84,7.48,7.19,7.73,6.98,11.63K,0.38%
Oct-84,7.223,7.528,7.603,7.1,2.24K,-3.44%
Nov-84,7.019,7.32,7.84,6.95,32.80K,-2.82%
Dec-84,6.383,6.98,7.165,6.245,8.97K,-9.06%
Jan-85,6.352,6.18,6.415,5.82,1.46K,-0.49%
Feb-85,5.625,6.2,6.332,5.535,17.69K,-11.45%
Mar-85,6.687,5.6,6.89,5.48,19.37K,18.88%
Apr-85,6.165,6.53,6.75,6.14,13.08K,-7.81%
May-85,6.156,6.14,6.7,5.98,10.35K,-0.15%
Jun-85,6.108,6.2,6.45,6.085,20.41K,-0.78%
Jul-85,6.284,6.085,6.39,5.8,9.98K,2.88%
Aug-85,6.24,6.18,6.405,6.11,14.46K,-0.70%
Sep-85,6.013,6.14,6.21,5.88,6.47K,-3.64%
Oct-85,6.084,6.02,6.36,6.02,3.80K,1.18%
Nov-85,6.085,6.125,6.28,6.025,15.18K,0.02%
Dec-85,5.826,6.1,6.12,5.7,15.03K,-4.26%
Jan-86,6.037,5.715,6.32,5.715,2.10K,3.62%
Feb-86,5.63,5.905,5.978,5.58,15.44K,-6.74%
Mar-86,5.13,5.61,5.83,5.19,7.48K,-8.88%
Apr-86,5.127,5.09,5.542,5,14.09K,-0.06%
May-86,5.239,5.11,5.27,4.85,11.46K,2.18%
Jun-86,5.102,5.15,5.44,4.93,14.16K,-2.61%
Jul-86,5.098,5.085,5.16,4.96,7.63K,-0.08%
Aug-86,5.147,5.11,5.55,5.08,7.78K,0.96%
Sep-86,5.569,5.44,6.02,5.155,7.78K,8.20%
Oct-86,5.654,5.54,5.835,5.52,0.58K,1.53%
Nov-86,5.271,5.709,5.82,5.21,15.52K,-6.77%
Dec-86,5.4,5.46,5.515,5.27,6.14K,2.45%
Jan-87,5.497,5.432,5.7,5.35,0.38K,1.80%
Feb-87,5.428,5.487,5.561,5.37,14.42K,-1.26%
Mar-87,6.183,5.42,6.39,5.41,5.91K,13.91%
Apr-87,7.984,6.231,11.25,6.23,100.63K,29.13%
May-87,7.62,7.9,9.52,7.35,9.29K,-4.56%
Jun-87,7.312,7.315,8.09,6.75,15.74K,-4.04%
Jul-87,8.3,7.22,8.299,7.16,5.64K,13.51%
Aug-87,7.383,8.665,8.8,7.23,12.16K,-11.05%
Sep-87,7.5,7.47,8.08,7.22,6.45K,1.58%
Oct-87,6.95,7.55,8.37,6.885,1.42K,-7.33%
Nov-87,7.037,6.98,7.33,6.19,4.05K,1.25%
Dec-87,6.682,7.03,7.06,6.56,5.12K,-5.04%
Jan-88,6.505,6.52,7,6.49,0.48K,-2.65%
Feb-88,6.239,6.522,6.59,6.08,15.53K,-4.09%
Mar-88,6.755,6.21,6.75,6.15,4.89K,8.27%
Apr-88,6.498,6.835,6.835,6.325,12.99K,-3.80%
May-88,6.6,6.45,6.77,6.28,3.90K,1.57%
Jun-88,6.678,6.77,7.31,6.54,23.28K,1.18%
Jul-88,6.807,6.66,8.06,6.653,5.38K,1.93%
Aug-88,6.556,6.867,6.87,6.45,17.38K,-3.69%
Sep-88,6.135,6.53,6.64,6.13,4.79K,-6.42%
Oct-88,6.303,6.23,6.405,6.16,0.17K,2.74%
Nov-88,6.136,6.3,6.54,6.005,29.01K,-2.65%
Dec-88,6.038,6.17,6.28,6.01,8.03K,-1.60%
Jan-89,5.792,6.055,6.2,5.77,0.98K,-4.07%
Feb-89,5.824,5.875,5.965,5.795,26.22K,0.55%
Mar-89,5.778,5.82,6.19,5.72,11.54K,-0.79%
Apr-89,5.601,5.78,5.868,5.57,25.97K,-3.06%
May-89,5.16,5.65,5.68,5.06,5.53K,-7.87%
Jun-89,5.155,5.185,5.464,5.1,19.47K,-0.10%
Jul-89,5.269,5.26,5.41,5.105,3.36K,2.21%
Aug-89,5.045,5.19,5.31,5.04,18.49K,-4.25%
Sep-89,5.226,5.06,5.31,5.02,4.67K,3.59%
Oct-89,5.18,5.22,5.279,5.02,0.85K,-0.88%
Nov-89,5.668,5.135,5.874,5.135,18.80K,9.42%
Dec-89,5.208,5.68,5.74,5.12,5.98K,-8.12%
Jan-90,5.194,5.17,5.33,5.12,1.80K,-0.27%
Feb-90,5.127,5.22,5.35,5.05,24.94K,-1.29%
Mar-90,4.945,5.12,5.16,4.89,4.95K,-3.55%
Apr-90,4.932,4.935,5.18,4.86,15.86K,-0.26%
May-90,5.074,4.94,5.283,4.94,4.95K,2.88%
Jun-90,4.887,5.09,5.09,4.74,23.71K,-3.69%
Jul-90,4.787,4.89,4.98,4.77,6.89K,-2.05%
Aug-90,4.759,4.77,5.28,4.74,10.45K,-0.58%
Sep-90,4.761,4.761,4.915,4.695,5.23K,0.04%
Oct-90,4.153,4.63,4.69,4.05,0.93K,-12.77%
Nov-90,4.122,4.23,4.267,4.045,29.26K,-0.75%
Dec-90,4.192,4.115,4.31,3.93,8.01K,1.70%
Jan-91,3.83,4.18,4.288,3.751,2.05K,-8.64%
Feb-91,3.729,3.852,3.852,3.508,28.18K,-2.64%
Mar-91,3.849,3.72,4.195,3.695,4.63K,3.22%
Apr-91,3.969,3.94,4.1,3.855,17.26K,3.12%
May-91,4.098,3.97,4.16,3.92,3.60K,3.25%
Jun-91,4.424,4.156,4.55,4.13,19.75K,7.96%
Jul-91,4.055,4.43,4.52,3.984,4.36K,-8.34%
Aug-91,3.807,4.029,4.029,3.785,16.17K,-6.12%
Sep-91,4.13,3.825,4.275,3.81,2.93K,8.48%
Oct-91,4.09,4.16,4.16,4.06,2.43K,-0.97%
Nov-91,4.057,4.055,4.09,3.995,23.30K,-0.81%
Dec-91,3.883,4.06,4.08,3.785,5.72K,-4.29%
Jan-92,4.167,3.855,4.33,3.855,15.44K,7.31%
Feb-92,4.1,4.155,4.205,4.05,16.94K,-1.61%
Mar-92,4.13,4.07,4.195,4,3.87K,0.73%
Apr-92,3.988,4.075,4.1,3.91,9.95K,-3.44%
May-92,4.013,4,4.135,3.975,4.81K,0.63%
Jun-92,4.028,4,4.09,3.955,12.69K,0.37%
Jul-92,3.927,4.03,4.07,3.82,2.60K,-2.51%
Aug-92,3.73,3.875,3.955,3.63,8.55K,-5.02%
Sep-92,3.739,3.73,3.88,3.665,3.30K,0.24%
Oct-92,3.751,3.75,3.79,3.725,13.23K,0.32%
Nov-92,3.731,3.785,3.885,3.67,4.39K,-0.53%
Dec-92,3.672,3.735,3.785,3.63,3.89K,-1.58%
Jan-93,3.652,3.64,3.7,3.64,0.31K,-0.54%
Feb-93,3.565,3.66,3.756,3.525,21.96K,-2.38%
Mar-93,3.88,3.565,3.9,3.53,4.30K,8.84%
Apr-93,4.389,3.87,4.4,3.835,5.51K,13.12%
May-93,4.611,4.45,4.72,4.225,2.89K,5.06%
Jun-93,4.558,4.44,4.62,4.23,15.70K,-1.15%
Jul-93,5.392,4.54,5.27,4.53,5.16K,18.30%
Aug-93,4.838,5.375,5.4,4.54,7.98K,-10.27%
Sep-93,4.061,4.83,4.84,3.91,2.88K,-16.06%
Oct-93,4.355,4.04,4.465,4.02,0.11K,7.24%
Nov-93,4.42,4.19,4.625,4.19,27.63K,1.49%
Dec-93,5.087,4.4,5.14,4.375,5.65K,15.09%
Jan-94,5.124,5.085,5.33,5,0.06K,0.73%
Feb-94,5.356,5.27,5.37,5.16,23.65K,4.53%
Mar-94,5.771,5.33,5.79,5.16,6.34K,7.75%
Apr-94,5.338,5.44,5.44,5.07,21.53K,-7.50%
May-94,5.53,5.32,5.745,5.05,5.59K,3.60%
Jun-94,5.38,5.285,5.51,5.215,13.91K,-2.71%
Jul-94,5.317,5.36,5.47,5.12,2.37K,-1.17%
Aug-94,5.443,5.305,5.45,5.063,13.39K,2.37%
Sep-94,5.609,5.41,5.73,5.375,2.46K,3.05%
Oct-94,5.242,5.615,5.615,5.585,0.50K,-6.54%
Nov-94,4.896,5.11,5.26,4.84,33.25K,-6.60%
Dec-94,4.874,4.88,4.935,4.53,3.89K,-0.45%
Jan-95,4.649,4.815,4.885,4.635,0.11K,-4.62%
Feb-95,4.513,4.665,4.74,4.43,29.09K,-2.93%
Mar-95,5.293,4.44,5.25,4.34,4.03K,17.28%
Apr-95,5.722,5.21,5.93,5.21,14.76K,8.11%
May-95,5.287,5.72,6.16,5.1,5.20K,-7.60%
Jun-95,5.014,5.2,5.44,4.98,16.58K,-5.16%
Jul-95,5.031,5.025,5.41,4.98,3.47K,0.34%
Aug-95,5.311,5.139,5.789,5.11,23.04K,5.57%
Sep-95,5.435,5.28,5.515,5.13,5.28K,2.33%
Oct-95,5.337,5.3,5.419,5.263,0.62K,-1.80%
Nov-95,5.186,5.3,5.425,5.09,23.55K,-2.83%
Dec-95,5.163,5.18,5.24,5.05,5.15K,-0.44%
Jan-96,5.565,5.12,5.575,5.12,0.49K,7.79%
Feb-96,5.497,5.72,5.8,5.42,26.74K,-1.22%
Mar-96,5.52,5.5,5.705,5.32,2.98K,0.42%
Apr-96,5.291,5.51,5.51,5.2,13.46K,-4.15%
May-96,5.381,5.3,5.505,5.23,2.49K,1.70%
Jun-96,4.979,5.35,5.355,4.955,32.40K,-7.47%
Jul-96,5.122,5,5.13,4.86,1.85K,2.87%
Aug-96,5.174,5.05,5.19,5.02,15.51K,1.02%
Sep-96,4.829,5.175,5.175,4.8,5.15K,-6.67%
Oct-96,4.788,4.82,5,4.805,0.45K,-0.85%
Nov-96,4.714,4.79,4.92,4.66,19.50K,-1.55%
Dec-96,4.74,4.68,4.89,4.64,4.35K,0.55%
Jan-97,4.901,4.63,5.01,4.6,0.31K,3.40%
Feb-97,5.31,4.91,5.335,4.91,18.97K,8.35%
Mar-97,5.052,5.28,5.39,5.03,3.82K,-4.86%
Apr-97,4.647,4.705,4.705,4.6,19.13K,-8.02%
May-97,4.653,4.66,4.89,4.63,4.28K,0.13%
Jun-97,4.6,4.85,4.85,4.58,14.58K,-1.14%
Jul-97,4.469,4.62,4.66,4.185,18.58K,-2.85%
Aug-97,4.616,4.449,4.79,4.297,17.39K,3.29%
Sep-97,5.187,4.65,5.25,4.55,50.01K,12.37%
Oct-97,4.717,5.142,5.262,4.717,0.49K,-9.06%
Nov-97,5.221,4.825,5.412,4.77,19.80K,10.68%
Dec-97,5.933,5.23,6.35,5.15,5.31K,13.64%
Jan-98,6.103,5.87,6.1,5.52,1.09K,2.87%
Feb-98,6.43,6.75,7.07,5.84,35.55K,5.36%
Mar-98,6.447,6.48,6.56,5.62,5.78K,0.26%
Apr-98,6.188,6.66,6.66,6.045,11.90K,-4.02%
May-98,5.075,6.18,6.29,4.99,3.10K,-17.99%
Jun-98,5.507,5.31,5.55,4.98,17.34K,8.51%
Jul-98,5.448,5.5,5.79,5.24,3.51K,-1.07%
Aug-98,4.618,5.35,5.443,4.615,17.55K,-15.23%
Sep-98,5.32,4.63,5.25,4.615,6.58K,15.20%
Oct-98,5.027,5.255,5.255,4.76,0.28K,-5.51%
Nov-98,4.825,5.014,5.121,4.81,19.36K,-4.02%
Dec-98,4.988,4.83,5.035,4.56,3.41K,3.38%
Jan-99,5.222,4.93,5.3,4.88,0.17K,4.69%
Feb-99,5.635,5.24,5.66,5.24,15.74K,7.91%
Mar-99,4.98,5.69,5.69,4.975,7.97K,-11.62%
Apr-99,5.407,4.98,5.45,4.915,10.04K,8.57%
May-99,4.885,5.385,5.56,5.025,3.63K,-9.65%
Jun-99,5.291,4.93,5.31,4.93,16.64K,8.31%
Jul-99,5.442,5.2,5.442,5.055,3.97K,2.85%
Aug-99,5.152,5.362,5.485,5.03,11.22K,-5.33%
Sep-99,5.573,5.145,5.8,5.065,1.81K,8.17%
Oct-99,5.172,5.54,5.54,5.54,0.40K,-7.20%
Nov-99,5.18,5.18,5.25,5.12,17.97K,0.15%
Dec-99,5.413,5.18,5.37,5.035,2.48K,4.50%
Jan-00,5.287,5.29,5.29,5.11,0.48K,-2.33%
Feb-00,5.048,5.26,5.42,5.02,17.43K,-4.52%
Mar-00,5.02,5.07,5.18,4.97,2.98K,-0.55%
Apr-00,4.96,5.05,5.05,4.925,17.32K,-1.20%
May-00,4.941,4.94,5.135,4.9,2.62K,-0.38%
Jun-00,5.033,4.98,5.06,4.97,19.98K,1.86%
Jul-00,5.006,5.02,5.04,4.91,1.80K,-0.54%
Aug-00,5.003,4.88,5.045,4.82,19.13K,-0.06%
Sep-00,4.899,4.985,5.035,4.83,5.43K,-2.08%
Oct-00,4.754,4.84,4.84,4.77,0.01K,-2.96%
Nov-00,4.674,4.7,4.71,4.6,28.27K,-1.68%
Dec-00,4.585,4.675,4.765,4.55,2.87K,-1.90%
1-Jan,4.791,4.5,4.77,4.5,0.35K,4.49%
1-Feb,4.472,4.74,4.74,4.39,14.57K,-6.66%
1-Mar,4.278,4.485,4.52,4.27,3.48K,-4.34%
1-Apr,4.32,4.38,4.41,4.31,12.30K,0.98%
1-May,4.396,4.31,4.635,4.305,0.97K,1.76%
1-Jun,4.292,4.32,4.4,4.28,21.68K,-2.37%
1-Jul,4.21,4.26,4.28,4.18,1.39K,-1.91%
1-Aug,4.162,4.21,4.21,4.14,13.19K,-1.14%
1-Sep,4.647,4.155,4.66,4.135,1.18K,11.65%
1-Oct,4.214,4.67,4.67,4.15,0.11K,-9.32%
1-Nov,4.128,4.14,4.16,4.05,10.58K,-2.04%
1-Dec,4.579,4.135,4.56,4.08,1.29K,10.93%
2-Jan,4.216,4.58,4.72,4.575,0.23K,-7.93%
2-Feb,4.497,4.28,4.51,4.28,10.58K,6.67%
2-Mar,4.641,4.485,4.63,4.455,1.20K,3.20%
2-Apr,4.532,4.7,4.7,4.505,9.64K,-2.35%
2-May,5.026,4.52,4.98,4.51,2.12K,10.90%
2-Jun,4.833,5.15,5.15,4.8,14.47K,-3.84%
2-Jul,4.595,4.845,5.14,4.61,3.22K,-4.92%
2-Aug,4.437,4.5,4.56,4.42,5.99K,-3.44%
2-Sep,4.53,4.461,4.67,4.43,1.64K,2.10%
2-Oct,4.499,4.315,4.35,4.3,0.42K,-0.68%
2-Nov,4.414,4.56,4.56,4.405,3.51K,-1.89%
2-Dec,4.801,4.425,4.78,4.4,3.17K,8.77%
3-Jan,4.853,4.88,4.885,4.76,0.67K,1.08%
3-Feb,4.655,4.55,4.55,4.54,0.04K,-4.08%
3-Mar,4.461,4.58,4.69,4.35,1.42K,-4.17%
3-Apr,4.638,4.45,4.66,4.45,11.86K,3.97%
3-May,4.526,4.655,4.88,4.58,1.82K,-2.41%
3-Jun,4.52,4.5,4.65,4.49,9.79K,-0.13%
3-Jul,5.116,4.68,5.175,4.64,1.96K,13.19%
3-Aug,5.109,4.82,5.18,4.82,9.10K,-0.14%
3-Sep,5.137,5.135,5.365,4.97,3.45K,0.55%
3-Oct,5.059,4.87,5.17,4.805,0.14K,-1.52%
3-Nov,5.355,5.055,5.39,5.055,3.93K,5.85%
3-Dec,5.953,5.36,5.96,5.355,3.58K,11.17%
4-Jan,6.246,6.2,6.67,6.15,0.43K,4.92%
4-Feb,6.696,6.115,6.78,6.115,19.23K,7.20%
4-Mar,7.936,6.7,7.75,6.57,4.95K,18.52%
4-Apr,5.867,8.075,8.105,5.9,0.34K,-26.07%
4-May,6.105,6.07,6.16,5.495,2.00K,4.06%
4-Jun,5.776,5.908,5.99,5.73,18.58K,-5.39%
4-Jul,6.55,5.835,6.75,5.83,2.28K,13.40%
4-Aug,6.771,6.9,6.9,6.59,14.64K,3.37%
4-Sep,6.916,6.735,6.82,6.065,2.80K,2.14%
4-Oct,7.292,7.26,7.34,7.26,0.35K,5.44%
4-Nov,7.723,7.47,7.82,7.47,28.35K,5.91%
4-Dec,6.807,7.715,8.19,6.6,3.98K,-11.86%
5-Jan,6.737,6.74,6.89,6.415,0.39K,-1.03%
5-Feb,7.359,6.52,7.42,6.52,24.04K,9.23%
5-Mar,7.17,7.345,7.64,6.86,4.37K,-2.57%
5-Apr,6.903,7.1,7.15,6.85,18.59K,-3.72%
5-May,7.444,6.925,7.18,6.77,4.56K,7.84%
5-Jun,7.028,7.58,7.58,6.99,15.21K,-5.59%
5-Jul,7.238,6.87,7.15,6.81,2.08K,2.99%
5-Aug,6.781,6.92,6.95,6.63,19.52K,-6.31%
5-Sep,7.458,6.825,7.39,6.81,2.47K,9.98%
5-Oct,7.55,7.67,7.74,7.62,0.59K,1.23%
5-Nov,8.28,7.4,8.365,7.4,36.98K,9.67%
5-Dec,8.82,8.275,9.17,8.19,4.81K,6.52%
6-Jan,9.85,9.03,9.87,8.805,0.98K,11.68%
6-Feb,9.72,9.82,9.82,9.25,20.29K,-1.32%
6-Mar,11.48,9.735,11.62,9.64,6.02K,18.11%
6-Apr,13.51,11.63,13.76,11.63,24.08K,17.68%
6-May,12.398,13.58,14.97,12,6.72K,-8.23%
6-Jun,10.833,12.1,12.14,9.75,14.63K,-12.62%
6-Jul,11.325,10.86,11.78,10.65,3.30K,4.54%
6-Aug,12.9,12.2,12.93,12.15,15.09K,13.91%
6-Sep,11.45,12.87,13.26,10.45,3.06K,-11.24%
6-Oct,12.212,11.03,11.28,11.03,0.19K,6.66%
6-Nov,13.925,13.62,14,13.54,18.47K,14.03%
6-Dec,12.818,13.9,14.185,12.23,2.80K,-7.95%
7-Jan,13.514,12.72,13.55,12.2,0.99K,5.43%
7-Feb,14.1,13.62,14.72,13.3,23.99K,4.34%
7-Mar,13.39,14.23,14.305,12.47,3.61K,-5.04%
7-Apr,13.445,13.1,14.1,13.02,18.83K,0.41%
7-May,13.409,13.42,13.585,12.785,2.39K,-0.27%
7-Jun,12.353,13.765,13.765,12.265,19.50K,-7.88%
7-Jul,12.95,12.405,13.42,12.405,3.34K,4.83%
7-Aug,12.063,12.955,12.955,11.725,13.45K,-6.85%
7-Sep,13.794,12.095,13.815,12,2.73K,14.35%
7-Oct,14.377,13.71,14.45,13.205,0.12K,4.23%
7-Nov,13.963,14.74,15.485,13.76,21.67K,-2.88%
7-Dec,14.797,13.96,14.825,13.6,3.26K,5.97%
8-Jan,16.948,15.34,16.875,15.085,2.13K,14.54%
8-Feb,19.808,16.89,19.925,16.445,22.95K,16.88%
8-Mar,17.275,19.78,21.185,16.77,5.19K,-12.79%
8-Apr,16.502,16.885,17.86,16.365,20.85K,-4.47%
8-May,16.827,16.97,18.29,15.995,3.65K,1.97%
8-Jun,17.42,16.85,17.88,16.465,27.32K,3.52%
8-Jul,17.75,17.44,19.375,16.83,3.19K,1.89%
8-Aug,13.607,17.65,17.65,12.8,27.63K,-23.34%
8-Sep,12.231,13.77,13.77,10.28,5.94K,-10.11%
8-Oct,9.73,12.57,12.57,8.78,1.56K,-20.45%
8-Nov,10.185,10.295,10.455,8.83,17.60K,4.68%
8-Dec,11.27,10.24,11.41,9.135,3.18K,10.65%
9-Jan,12.56,11.195,12.59,10.37,1.84K,11.45%
9-Feb,13.085,12.5,14.365,12.27,27.70K,4.18%
9-Mar,12.975,13.09,13.85,11.94,5.96K,-0.84%
9-Apr,12.305,12.83,13.105,12.035,21.78K,-5.16%
9-May,15.6,12.335,15.75,12.04,3.11K,26.78%
9-Jun,13.574,15.85,15.885,13.435,14.06K,-12.99%
9-Jul,13.933,13.6,14.05,12.48,3.82K,2.64%
9-Aug,14.898,14.02,15.1,13.61,19.72K,6.93%
9-Sep,16.636,14.885,17.555,14.65,4.36K,11.67%
9-Oct,16.246,16.59,17.845,16.035,0.32K,-2.34%
9-Nov,18.495,16.93,18.9,16.885,33.61K,13.84%
9-Dec,16.822,18.47,19.42,16.76,7.17K,-9.05%
10-Jan,16.183,16.885,18.795,16.1,0.56K,-3.80%
10-Feb,16.5,16.19,16.72,15,41.32K,1.96%
10-Mar,17.512,16.5,17.565,16.32,6.58K,6.13%
10-Apr,18.611,17.56,18.765,17.56,24.65K,6.28%
10-May,18.411,18.625,19.8,17.09,6.20K,-1.07%
10-Jun,18.671,18.505,19.18,17.31,15.69K,1.41%
10-Jul,17.987,18.585,18.66,17.43,4.30K,-3.66%
10-Aug,19.398,18.435,19.4,17.925,8.66K,7.84%
10-Sep,21.798,19.385,21.88,19.3,4.42K,12.37%
10-Oct,24.56,21.96,24.7,21.96,0.39K,12.67%
10-Nov,28.185,24.865,28.915,24.115,57.97K,14.76%
10-Dec,30.91,28.095,30.9,28.01,6.27K,9.67%
11-Jan,28.174,30.45,31.195,26.505,1.31K,-8.85%
11-Feb,33.804,27.995,34.01,27.995,42.89K,19.98%
11-Mar,37.872,33.885,38.13,33.6,9.94K,12.03%
11-Apr,48.584,37.5,49.52,37.18,45.20K,28.28%
11-May,38.303,47.97,48.085,32.595,10.43K,-21.16%
11-Jun,34.812,38.225,38.335,33.58,38.18K,-9.11%
11-Jul,40.092,34.68,41.42,33.465,8.61K,15.17%
11-Aug,41.699,39.625,44.15,37.215,22.45K,4.01%
11-Sep,30.041,41.585,43.395,26.585,5.33K,-27.96%
11-Oct,34.337,29.965,35.455,28.41,0.69K,14.30%
11-Nov,32.731,32.87,35.04,31.02,19.32K,-4.68%
11-Dec,27.875,32.715,33.555,26.385,3.14K,-14.84%
12-Jan,33.233,28.165,33.8,28.11,1.57K,19.22%
12-Feb,34.583,33.17,37.48,32.7,31.68K,4.06%
12-Mar,32.469,34.62,35.615,31.19,4.24K,-6.11%
12-Apr,30.959,33.105,33.105,30.55,24.81K,-4.65%
12-May,27.741,31.045,31.28,26.895,2.27K,-10.39%
12-Jun,27.58,27.72,29.245,26.07,26.32K,-0.58%
12-Jul,27.895,27.44,28.37,26.445,4.08K,1.14%
12-Aug,31.37,27.05,31.7,26.965,15.75K,12.46%
12-Sep,34.517,31.66,35.09,31.52,3.72K,10.03%
12-Oct,32.288,34.375,34.98,31.65,0.65K,-6.46%
12-Nov,33.204,32.47,34.395,30.785,17.79K,2.84%
12-Dec,30.173,33.5,33.85,29.62,5.82K,-9.13%
13-Jan,31.335,30.63,32.315,29.21,0.72K,3.85%
13-Feb,28.395,31.6,32.02,28.315,27.13K,-9.38%
13-Mar,28.292,28.485,29.29,27.955,3.22K,-0.36%
13-Apr,24.144,27.96,27.975,22.6,22.60K,-14.66%
13-May,22.228,24.25,24.375,21.01,6.15K,-7.94%
13-Jun,19.451,22.335,22.87,18.185,23.82K,-12.49%
13-Jul,19.617,19.485,20.52,18.685,3.99K,0.85%
13-Aug,23.463,19.61,24.985,19.46,22.46K,19.61%
13-Sep,21.656,23.2,24.46,21.21,4.95K,-7.70%
13-Oct,21.832,21.665,23,20.675,0.49K,0.81%
13-Nov,19.981,21.87,21.88,19.585,28.84K,-8.48%
13-Dec,19.339,19.91,20.4,18.845,4.94K,-3.21%
14-Jan,19.105,20.31,20.53,19.06,1.24K,-1.21%
14-Feb,21.204,19.13,21.895,19.09,18.04K,10.99%
14-Mar,19.734,21.35,21.71,19.63,3.11K,-6.93%
14-Apr,19.119,19.94,20.215,19.025,20.60K,-3.12%
14-May,18.653,19.17,19.915,18.605,3.51K,-2.44%
14-Jun,21.007,18.75,21.205,18.675,20.06K,12.62%
14-Jul,20.373,21.01,21.525,20.435,2.35K,-3.02%
14-Aug,19.398,20.295,20.36,19.285,22.42K,-4.79%
14-Sep,17.006,19.405,19.47,16.87,2.61K,-12.33%
14-Oct,16.077,16.95,17.7,15.86,1.10K,-5.46%
14-Nov,15.489,16.035,16.65,15.045,28.92K,-3.66%
14-Dec,15.565,15.39,17.18,14.1,4.25K,0.49%
15-Jan,17.192,15.79,18.355,15.535,0.84K,10.45%
15-Feb,16.513,17.32,17.6,16.295,19.48K,-3.95%
15-Mar,16.581,16.585,17.325,15.27,2.41K,0.41%
15-Apr,16.124,16.62,17.08,15.815,19.44K,-2.76%
15-May,16.684,16.09,17.71,15.905,2.23K,3.47%
15-Jun,15.551,16.635,17.1,15.415,21.65K,-6.79%
15-Jul,14.746,15.635,15.695,14.33,3.17K,-5.18%
15-Aug,14.577,14.73,15.51,14.045,15.26K,-1.15%
15-Sep,14.513,14.62,15.265,14.265,2.44K,-0.44%
15-Oct,15.566,14.515,16.25,14.41,0.24K,7.26%
15-Nov,14.05,15.385,15.385,13.905,18.97K,-9.74%
15-Dec,13.775,14.04,14.605,13.635,1.83K,-1.96%
16-Jan,14.229,14.1,14.385,13.71,0.55K,3.30%
16-Feb,14.896,14.245,15.785,14.235,25.17K,4.69%
16-Mar,15.46,14.925,16.15,14.725,8.00K,3.79%
16-Apr,17.789,15.02,17.99,15.015,29.27K,15.06%
16-May,15.972,17.85,18.03,15.96,4.05K,-10.21%
16-Jun,18.582,16,18.855,15.92,27.73K,16.34%
16-Jul,20.312,18.79,21.095,18.775,4.92K,9.31%
16-Aug,18.622,20.51,20.75,18.505,16.16K,-8.32%
16-Sep,19.139,18.7,20.1,18.585,3.41K,2.78%
16-Oct,17.762,18.87,18.87,17.195,0.47K,-7.19%
16-Nov,16.406,18,18.8,16.255,19.28K,-7.63%
16-Dec,15.936,16.495,17.19,15.7,3.48K,-2.86%
17-Jan,17.512,16.04,17.56,16.03,0.53K,9.89%
17-Feb,18.42,17.45,18.475,17.405,29.64K,5.19%
17-Mar,18.235,18.295,18.455,16.82,5.42K,-1.00%
17-Apr,17.191,18.22,18.5,17.13,37.85K,-5.73%
17-May,17.368,17.185,17.4,16.03,6.07K,1.03%
17-Jun,16.568,17.3,17.695,16.33,19.66K,-4.61%
17-Jul,16.75,16.58,16.825,15.15,3.07K,1.10%
17-Aug,17.48,16.635,17.6,16.09,23.43K,4.36%
17-Sep,16.607,17.565,18.16,16.655,5.95K,-4.99%
17-Oct,16.645,16.595,17.43,16.43,1.05K,0.23%
17-Nov,16.382,16.99,17.305,16.285,24.25K,-1.58%
17-Dec,17.06,16.385,17.045,15.555,3.51K,4.14%
18-Jan,17.204,17.155,17.525,16.905,0.54K,0.84%
18-Feb,16.324,16.705,16.705,16.26,25.43K,-5.12%
18-Mar,16.223,16.35,16.81,16.05,2.28K,-0.62%
18-Apr,16.312,16.47,17.2,16.14,22.11K,0.55%
18-May,16.402,16.28,16.725,16,6.03K,0.55%
18-Jun,16.104,16.355,17.285,15.88,32.06K,-1.82%
18-Jul,15.5,16.055,16.17,15.135,3.69K,-3.75%
18-Aug,14.438,15.42,15.455,14.395,17.36K,-6.85%
18-Sep,14.623,14.45,14.555,13.91,3.86K,1.28%
18-Oct,14.229,14.35,14.74,14.215,0.88K,-2.69%
18-Nov,14.094,14.58,14.645,13.945,24.66K,-0.95%
18-Dec,15.433,14.21,15.445,14.185,1.75K,9.50%
19-Jan,16.022,15.52,16.14,15.14,0.58K,3.82%
19-Feb,15.538,16.01,16.07,15.52,18.49K,-3.02%
19-Mar,15.295,15.75,15.835,15.135,13.46K,-1.56%
19-Apr,15.756,15.295,15.485,14.88,31.72K,3.01%
19-May,15.259,15.185,15.2,14.47,38.34K,-3.15%
19-Jun,15.942,15.942,15.942,15.942,0.00K,4.48%
19-Jul,17.053,17.053,17.053,17.053,88.92K,6.97%
19-Aug,18.877,16.89,16.91,16.89,0.00K,10.70%
19-Sep,17.583,18.13,18.13,17.6,0.03K,-6.85%
19-Oct,18.699,18.699,18.699,18.699,41.47K,6.35%
19-Nov,17.626,17.626,17.626,17.626,0.00K,-5.74%
19-Dec,18.404,18.404,18.404,18.404,0.02K,4.41%
20-Jan,18.472,18.472,18.472,18.472,0.02K,0.37%
20-Feb,16.811,18.725,18.865,16.9,0.06K,-8.99%
20-Mar,14.331,17.415,17.415,12.085,0.10K,-14.75%
20-Apr,15.268,15.8,16.47,15.025,1.48K,6.54%
20-May,18.785,15.245,18.16,15.035,0.26K,23.04%
20-Jun,19.038,19.155,19.155,18.03,2.26K,1.35%
20-Jul,24.899,18.975,26.745,18.525,2.89K,30.79%
20-Aug,28.859,25.575,30.595,24.25,7.23K,15.90%
20-Sep,23.724,29.08,29.315,22.125,5.87K,-17.79%
20-Oct,23.9,23.85,25.885,22.875,15.66K,0.74%
20-Nov,22.661,23.72,26.275,22.065,25.20K,-5.18%
20-Dec,26.473,22.81,27.595,22.755,40.39K,16.82%
21-Jan,26.953,26.825,28.15,24.095,71.47K,1.81%
21-Feb,26.44,28.41,30.04,25.98,653.35K,-1.90%
21-Mar,24.532,26.7,27.175,23.74,1.47M,-7.22%
21-Apr,25.915,24.46,26.727,24.273,39.25K,5.64%
21-May,28.014,25.99,28.9,25.85,1.41M,8.10%
21-Jun,26.194,28.08,28.735,25.58,446.89K,-6.50%
21-Jul,25.547,26.25,26.91,24.515,1.16M,-2.47%
21-Aug,24.006,25.605,26.13,22.35,426.39K,-6.03%
21-Sep,22.047,23.935,24.945,21.41,1.10M,-8.16%
21-Oct,23.949,22.185,24.92,21.99,1.11M,8.63%
21-Nov,22.765,23.985,25.49,22.705,1.35M,-4.94%
21-Dec,22.848,22.77,23.295,21.5,2.48K,0.36%
22-Jan,22.432,23.395,24.79,21.985,55.16K,-1.82%
22-Feb,24.366,22.515,25.705,22.05,423.75K,8.62%
22-Mar,25.133,24.455,27.495,24.045,1.31M,3.15%
,,,,,,